name,width,height,info
vyskum_teren-1.webp,278,400,
vyskum_teren-2.webp,533,400,
vyskum_teren-3.webp,535,400,
vyskum_teren-4.webp,300,400,
vyskum_teren-5.webp,600,400,
vyskum_teren-6.webp,639,400,
vyskum_teren-7.webp,533,400,
vyskum_teren-8.webp,583,400,
vyskum_teren-9.webp,533,400,
vyskum_teren-10.webp,533,400,
vyskum_teren-11.webp,711,400,
vyskum_teren-12.webp,259,400,
vyskum_teren-13.webp,533,400,
vyskum_teren-14.webp,508,400,
vyskum_teren-15.webp,300,400,
vyskum_teren-16.webp,602,400,
vyskum_teren-17.webp,300,400,
vyskum_teren-18.webp,300,400,
vyskum_teren-19.webp,300,400,
vyskum_teren-20.webp,533,400,
